url,domain,source_type,context
https://imagehut.ch/images/2026/02/13/ezgif.com-crop-4.gif,imagehut.ch,row_img,Forum 96 > forum 51 cell
https://imagehut.ch/images/2026/03/12/announcements.png,imagehut.ch,row_bg,Index > forum 51 cell
https://imagehut.ch/images/2026/03/12/requests.png,imagehut.ch,row_bg,Index > forum 51 cell
https://imagehut.ch/images/2026/03/18/extra.png,imagehut.ch,row_bg,Index > forum 51 cell
https://imagehut.ch/images/2026/03/12/codebank.png,imagehut.ch,row_bg,Index > forum 51 cell
https://imagehut.ch/images/2026/02/21/us340x245.png,imagehut.ch,row_bg,Index > forum 23 cell
https://imagehut.ch/images/2026/02/21/us200x210.png,imagehut.ch,row_bg,Index > forum 23 cell
https://imagehut.ch/images/2026/02/21/world340x245.png,imagehut.ch,row_bg,Index > forum 27 cell
https://imagehut.ch/images/2026/02/21/world200x210.png,imagehut.ch,row_bg,Index > forum 27 cell
https://imagehut.ch/images/2026/02/21/space340x245.png,imagehut.ch,row_bg,Index > forum 89 cell
https://imagehut.ch/images/2026/02/21/space200x210.png,imagehut.ch,row_bg,Index > forum 89 cell
https://imagehut.ch/images/2026/02/21/pastfuture340x245.png,imagehut.ch,row_bg,Index > forum 51 cell
https://imagehut.ch/images/2026/02/21/pastfuture200x210.png,imagehut.ch,row_bg,Index > forum 51 cell
https://imagehut.ch/images/2026/02/21/au340x245.png,imagehut.ch,row_bg,Index > forum 51 cell
https://imagehut.ch/images/2026/02/21/au200x210.png,imagehut.ch,row_bg,Index > forum 51 cell
https://imagehut.ch/images/2026/02/21/comms340x245.png,imagehut.ch,row_bg,Index > forum 51 cell
https://imagehut.ch/images/2026/02/21/comms200x210.png,imagehut.ch,row_bg,Index > forum 51 cell
https://imagehut.ch/images/2026/02/21/events340x245.png,imagehut.ch,row_bg,Index > forum 76 cell
https://imagehut.ch/images/2026/02/21/events200x210.png,imagehut.ch,row_bg,Index > forum 76 cell
https://imagehut.ch/images/2026/02/21/oocarchives340x245.png,imagehut.ch,row_bg,Index > forum 51 cell
https://imagehut.ch/images/2026/02/21/oocarchives200x210.png,imagehut.ch,row_bg,Index > forum 51 cell
https://imagehut.ch/images/2026/02/21/completed340x245.png,imagehut.ch,row_bg,Index > forum 51 cell
https://imagehut.ch/images/2026/02/21/completed200x210.png,imagehut.ch,row_bg,Index > forum 51 cell
https://imagehut.ch/images/2026/02/21/incomplete340x245.png,imagehut.ch,row_bg,Index > forum 51 cell
https://imagehut.ch/images/2026/02/21/incomplete200x210.png,imagehut.ch,row_bg,Index > forum 51 cell
https://imagehut.ch/images/2026/02/21/firstlink340x245.png,imagehut.ch,row_bg,Index > forum 51 cell
https://imagehut.ch/images/2026/02/21/firstlink200x210.png,imagehut.ch,row_bg,Index > forum 51 cell
https://imagehut.ch/images/2026/02/21/linkback340x245.png,imagehut.ch,row_bg,Index > forum 51 cell
https://imagehut.ch/images/2026/02/21/linkback200x210.png,imagehut.ch,row_bg,Index > forum 51 cell
https://imagehut.ch/images/2026/02/21/resources340x245.png,imagehut.ch,row_bg,Index > forum 54 cell
https://imagehut.ch/images/2026/02/21/resource200x210.png,imagehut.ch,row_bg,Index > forum 54 cell
https://imagehut.ch/images/2026/02/21/ourad340x245.png,imagehut.ch,row_bg,Index > forum 51 cell
https://imagehut.ch/images/2026/02/21/ourad200x210.png,imagehut.ch,row_bg,Index > forum 51 cell
https://imagehut.ch/images/2026/03/19/Dianagif2d3d8887e2d60e585.gif,imagehut.ch,row_img,Forum 36 > forum 51 cell
https://imagehut.ch/images/2025/11/14/deadpoolicon123.jpg,imagehut.ch,row_img,Forum 36 > forum 51 cell
https://imagehut.ch/images/2026/02/21/ny200x210.png,imagehut.ch,row_bg,Forum 19 > forum 99 cell
https://imagehut.ch/images/2026/02/21/new-jersey200x210.png,imagehut.ch,row_bg,Forum 19 > forum 39 cell
https://imagehut.ch/images/2026/02/21/utbadlands200x210.png,imagehut.ch,row_bg,Forum 19 > forum 43 cell
https://imagehut.ch/images/2026/02/21/florida200x210.png,imagehut.ch,row_bg,Forum 19 > forum 46 cell
https://imagehut.ch/images/2025/12/14/50852fd3d9568f28d6ccf2b9f8514053.jpg,imagehut.ch,row_img,Forum 20 > forum 51 cell
https://imagehut.ch/images/2026/04/04/speeddd.png,imagehut.ch,row_img,Forum 36 > forum 51 cell
https://imagehut.ch/images/2026/03/19/17662573429223074-7383139636140c8450f4d39b7c2.jpg,imagehut.ch,row_img,Forum 61 > forum 51 cell
https://imagehut.ch/images/2026/03/19/Reesegif10b2d85f8c836dd4c.gif,imagehut.ch,row_img,Forum 33 > forum 51 cell
https://imagehut.ch/images/2026/02/21/avengerstower340x245.png,imagehut.ch,row_bg,Forum 20 > forum 51 cell
https://imagehut.ch/images/2026/02/21/sanctum340x245.png,imagehut.ch,row_bg,Forum 20 > forum 51 cell
https://imagehut.ch/images/2026/02/21/xaviers340x245.png,imagehut.ch,row_bg,Forum 20 > forum 51 cell
https://imagehut.ch/images/2026/02/21/nyhomes340x245.png,imagehut.ch,row_bg,Forum 23 > forum 51 cell
https://imagehut.ch/images/2026/02/21/nybusinesses340x245.png,imagehut.ch,row_bg,Forum 23 > forum 51 cell
https://imagehut.ch/images/2026/02/27/redhookcf340x245.jpg,imagehut.ch,row_bg,Forum 20 > forum 51 cell
https://imagehut.ch/images/2026/02/21/aim340x245.png,imagehut.ch,row_bg,Forum 21 > forum 51 cell
https://imagehut.ch/images/2026/02/21/anthill340x245.png,imagehut.ch,row_bg,Forum 22 > forum 51 cell
https://imagehut.ch/images/2026/02/21/chimera340x245.png,imagehut.ch,row_bg,Index > forum 22 cell
https://imagehut.ch/images/2026/02/21/sword340x245.png,imagehut.ch,row_bg,Index > forum 23 cell
https://imagehut.ch/images/2026/01/30/Arcadeicon12.jpg,imagehut.ch,row_img,Forum 36 > forum 51 cell
https://imagehut.ch/images/2026/02/21/kamar-taj200x210.png,imagehut.ch,row_bg,Forum 24 > forum 51 cell
https://imagehut.ch/images/2026/02/21/krakoa200x210.png,imagehut.ch,row_bg,Forum 24 > forum 51 cell
https://imagehut.ch/images/2026/02/21/latveria200x210.png,imagehut.ch,row_bg,Forum 24 > forum 51 cell
https://imagehut.ch/images/2026/02/21/madripoor200x210.png,imagehut.ch,row_bg,Forum 24 > forum 51 cell
https://imagehut.ch/images/2026/02/21/newasgard200x210.png,imagehut.ch,row_bg,Forum 24 > forum 51 cell
https://imagehut.ch/images/2026/02/21/russia200x210.png,imagehut.ch,row_bg,Forum 24 > forum 51 cell
https://imagehut.ch/images/2026/02/21/wakanda200x210.png,imagehut.ch,row_bg,Forum 24 > forum 51 cell
https://imagehut.ch/images/2025/11/29/ezgifeffects.gif,imagehut.ch,row_img,Forum 26 > forum 51 cell
https://imagehut.ch/images/2026/02/21/theabbey340x245.png,imagehut.ch,row_bg,Forum 28 > forum 51 cell
https://imagehut.ch/images/2026/02/21/theabbey200x210.png,imagehut.ch,row_bg,Forum 28 > forum 51 cell
https://imagehut.ch/images/2025/11/03/afbeeldingdbe91022c4748ebc.png,imagehut.ch,row_img,Forum 49 > forum 51 cell
https://imagehut.ch/images/2026/03/19/Virgil1af3d4a6ed536acc1.gif,imagehut.ch,row_img,Forum 89 > forum 51 cell
https://imagehut.ch/images/2026/03/19/176885730971830542-72814047702.jpg,imagehut.ch,row_img,Forum 35 > forum 51 cell
https://imagehut.ch/images/2026/02/21/hairapy340x245.png,imagehut.ch,row_bg,Forum 36 > forum 51 cell
https://imagehut.ch/images/2026/02/21/midnightmission340x245.png,imagehut.ch,row_bg,Forum 36 > forum 51 cell
https://imagehut.ch/images/2026/02/21/thirdring340x245.png,imagehut.ch,row_bg,Forum 36 > forum 51 cell
https://imagehut.ch/randomizer/wSC.gif,imagehut.ch,row_img,Forum 59 > forum 51 cell
